Category,Feed Name,Title,Link,Published Date
Λογοτεχνικά Περιοδικά,The Offing,Lunch al Fresco,https://theoffingmag.com/micro/lunch-al-fresco/,"Mon, 03 Mar 2025 11:00:48 +0000"
Λογοτεχνικά Περιοδικά,The Offing,The Porno King Sings Songs of Love,https://theoffingmag.com/wit-tea/the-porno-king-sings-songs-of-love/,"Wed, 26 Feb 2025 11:00:31 +0000"
Λογοτεχνικά Περιοδικά,The Offing,Butch Palace for the Son,https://theoffingmag.com/translation/butch-palace-for-the-son/,"Tue, 25 Feb 2025 12:00:26 +0000"
Λογοτεχνικά Περιοδικά,The Offing,When the Game Is Rigged in Your Favor,https://theoffingmag.com/insight/when-the-game-is-rigged-in-your-favor/,"Thu, 20 Feb 2025 11:00:06 +0000"
Λογοτεχνικά Περιοδικά,The Offing,Reunion (Excerpts),https://theoffingmag.com/poetry/reunion-excerpts/,"Wed, 19 Feb 2025 13:00:16 +0000"
Λογοτεχνικά Περιοδικά,The Offing,Judgment Day,https://theoffingmag.com/micro/judgment-day/,"Mon, 17 Feb 2025 06:00:05 +0000"
Λογοτεχνικά Περιοδικά,The Offing,"Q&A with Lynne Thompson, author of Blue on a Blue Palette",https://theoffingmag.com/interviews/qa-with-lynne-thompson-author-of-blue-on-a-blue-palette/,"Fri, 14 Feb 2025 06:00:01 +0000"
Λογοτεχνικά Περιοδικά,The Offing,Every six months or so,https://theoffingmag.com/essay/every-six-months-or-so/,"Thu, 13 Feb 2025 06:00:55 +0000"
Λογοτεχνικά Περιοδικά,The Offing,Sonnet on the Flip Flop,https://theoffingmag.com/wit-tea/sonnet-on-the-flip-flop/,"Wed, 12 Feb 2025 11:00:42 +0000"
Λογοτεχνικά Περιοδικά,The Offing,“ANATOMY OF GATI’S VANITY” and “EXCERPTS FROM  SEPTEMBER’S PSYCHOSOMATIC EFFECTS ON ARAB AM. GIRLS”,https://theoffingmag.com/backoftheenvelope/anatomy-of-gatis-vanity/,"Tue, 11 Feb 2025 11:00:27 +0000"
